<?xml version="1.0" encoding="UTF-8"?>
<project-private xmlns="http://www.netbeans.org/ns/project-private/1">
    <editor-bookmarks xmlns="http://www.netbeans.org/ns/editor-bookmarks/2" lastBookmarkId="0"/>
    <open-files xmlns="http://www.netbeans.org/ns/projectui-open-files/2">
        <group>
            <file>file:/D:/Meus%20Documentos/Documentos/TrabalhoDeJDBC-master/Exercicio01/src/ListaContatos/Listar.java</file>
            <file>file:/D:/Meus%20Documentos/Documentos/TrabalhoDeJDBC-master/Exercicio01/src/AtualizarContato/AtualizarContato.java</file>
            <file>file:/D:/Meus%20Documentos/Documentos/TrabalhoDeJDBC-master/Exercicio01/src/Deletar/DeletarContato.java</file>
            <file>file:/D:/Meus%20Documentos/Documentos/TrabalhoDeJDBC-master/Exercicio01/src/InsertContato/Insert.java</file>
        </group>
    </open-files>
</project-private>
